category,January,February,March,April,May,June,July,August,September,October,November,Total
Books,2780.36,2311.67,2828.88,2628.37,2246.64,2616.71,1905.62,2614.03,2162.12,2240.53,2589.7,26924.629999999997
Clothing,6512.46,7236.13,7368.45,6371.61,6398.13,5103.35,6636.07,5875.96,8016.280000000001,7953.12,7569.15,75040.70999999999
Electronics,42889.88,56340.97,58519.75,43720.79,49026.15,67951.56,68428.6,39960.77,44362.79,36672.7,23746.62,531620.58
Home & Garden,9442.48,9535.97,15252.15,11304.66,16001.21,11604.87,13898.04,14272.98,12473.02,15580.44,14920.380000000001,144286.2
Sports,24394.96,20441.05,11629.01,17711.1,23634.81,16156.68,10097.13,21717.36,20888.18,16054.8,21651.94,204377.01999999996
